Entry_ID	SMILES	Target_RNA_sequence	Molecule_name	Molecule_ID	Target_RNA_name	Target_RNA_ID	pKd
385	CN(C)C1=CC=C(C=C1)C(=C2C=CC(=[N+](C)C)C=C2)C3=CC=CC=C3.[Cl-]	GGGAAGGGAAGAAACUGCGGCUUCGGCCGGCUUCCC	Malachite green	Target_lig_308	Aptamer	Target_6	7.30102999566398
2473	C1C(C(C(C(C1N)OC2C(C(C(C(O2)CN)O)O)N)OC3C(C(C(O3)CO)OC4C(C(C(C(O4)CN)O)O)N)O)O)N	GGUGUGCGCAGCUUCGGCUGCGGUACACC	Neomycin	Target_lig_4	RRE17	Target_448	6.20065945054642
2355	N[C@@H]1C[C@H](N)[C@H]([C@@H]([C@H]1OC[N+]1N=Nc2c1cccn2)O)O	GAGCGUCACACCUUCGGGUGAAGUCGCUC	Neamine_derivative_27	Target_lig_1207	16s_rRNA A SITE	Target_3	3.25649023527157
156	CC(=O)C1=CCC2C1(CC=C3C2CCC4=CC(=O)C=CC43C)C	GAGCGUCACACCUUCGGGUGAAGUCGCUC	tetraene_mol	Target_lig_126	A-site 16S rRNA_E_coli (1)	Target_3	4.45593195564972
858	C1C(C(C(C(C1N)OC2C(C(C(C(O2)CN)O)O)N)OC3C(C(C(O3)CO)OC4C(C(C(C(O4)CN)O)O)N)O)O)N	GGUGGCCGCAGCUUCGGCUGCGGACACC	Neomycin	Target_lig_4	RRE6	Target_86	5.53313237964589
1794	N=[N+]=NCCCNC(=O)CCCOc1ccc(cc1)c1nc2c([nH]1)ccc(c2)c1ccc(cc1)N1CCN(CC1)C	AGCCCCUGCCCACCGCACACUGCGCUGCCCCAGACCCACUGUGCGUGUGACAGCGGCUGA	miR-21 binder compound 1	Target_lig_1008	miR-21	Target_227	4.69897000433602
865	C1C(C(C(C(C1N)OC2C(C(C(C(O2)CN)O)O)N)OC3C(C(C(O3)CO)OC4C(C(C(C(O4)CN)O)O)N)O)O)N	GGUGGGCGCAGCUUCGGCUGCGCAAAACCACC	Neomycin	Target_lig_4	RRE13	Target_93	6.21467016498923
799	C1C(C(C(C(C1N)OC2C(C(C(C(O2)CN)O)O)N)OC3C(C(C(O3)CO)OC4C(C(C(C(O4)CN)O)O)N)O)O)N	GGCAGAUCUGAGCCUGGGAGCUCUCUGCC	Neomycin_B	Target_lig_1246	Argininamide-TAR complex	Target_19	6.15490195998574
1199	CC1=C2C=C[N+](CC[NH+]3CCCCC3)=CC2=C(C)C2=C1NC1=C2C=C(O)C=C1	GGCCGGCCGGCCGGCC	Hydroxyellipticine 1a	Target_lig_680	r(GGCC)4	Target_182	5.07572071393812
153	COC=1C=C(C2=CC(=CC=C2C1)OC)NCCCC(C)N	GAGCGUCACACCUUCGGGUGAAGUCGCUC	N1-(3,7-dimethoxynaphthalen-1-yl)pentane-1,4-diamine	Target_lig_123	A-site 16S rRNA_E_coli (1)	Target_3	3.68613277963085
2096	N[C@@H]1C[C@H](N)[C@H]([C@H]([C@H]1OCCCc1nnn(c1)Cc1cccc(n1)Cn1nnc(c1)CCCO[C@@H]1[C@H](N)C[C@H]([C@@H]([C@H]1O)O)N)O)O	CGCGCUUGCGAGUGCGCG	B-14	Target_lig_1139	RNA hairpin loop Iva	Target_382	5.64975198166584
1382	NCC1OC(OC2C(Cn3nnc(c3)Cn3cnc4c3ncnc4N)OC(C2O)OC2C(O)C(N)CC(C2OC2OC(CN)C(C(C2N)O)O)N)C(C(C1O)O)N	GUGGGCCUCAAAUGUGGAGCACUAUUCUGAUGUCCAAGUGGAAAGUGCUGCGACAUUUGAGCGUCAC	Neomycin_nucleobase_3a	Target_lig_751	Pre-miR-372	Target_266	3.31425826139774
389	C1C(C(C(C(C1N)OC2C(C(C(C(O2)CO)O)O)N)O)O)N	UACCUGGUUGAUCCUGCCAGUAGCAUAUGCUUGUCUCAAAGAUUAAGCCAUGCAUGUCUAAGUACGCACGGCCGGUACAGUGAAACUGCGAAUGGCUCAUUAAAUCAGUUAUGGUUCCUUUGGUCGCUCGCUCCUCUCCCACUUGGAUAACUGUGGUAAUUCUAGAGCUAAUACAUGCCGACGGGCGCUGACCCCCUUCGCGGGGGGGAUGCGUGCAUUUAUCAGAUCAAAACCAACCCGGUCAGCCCCUCUCCGGCCCCGGCCGGGGGGCGGGCGCCGGCGGCUUUGGUGACUCUAGAUAACCUCGGGCCGAUCGCACGCCCCCCGUGGCGGCGACGACCCAUUCGAACGUCUGCCCUAUCAACUUUCGAUGGUAGUCGCCGUGCCUACCAUGGUGACCACGGGUGACGGGGAAUCAGGGUUCGAUUCCGGAGAGGGAGCCUGAGAAACGGCUACCACAUCCAAGGAAGGCAGCAGGCGCGCAAAUUACCCACUCCCGACCCGGGGAGGUAGUGACGAAAAAUAACAAUACAGGACUCUUUCGAGGCCCUGUAAUUGGAAUGAGUCCACUUUAAAUCCUUCCGCGAGGAUCCAUUGGAGGGCAAGUCUGGUGCCAGCAGCCGCGGUAAUUCCAGCUCCAAUAGCGUAUAUUAAAGUUGCUGCAGUUAAAAAGCUCGUAGUUGGAUCUUGGGAGCGGGCGGGCGGUCCGCCGCGAGGCGAGCCACCGCCCGUCCCCGCCCCUUGCCUCUCGGCGCCCCCUCGAUGCUCUUAGCUGAGUGUCCCGCGGGGCCCGAAGCAUUUACUUUGAAAAAAUUAGAGUGUUCAAAGCAGGCCCGAGCCGCCUGGAUACCGCAGCUAGGAAUAAUGGAAUAGGACCGCGGUUCUAUUUUGUUGGUUUUCGGAACUGAGGCCAUGAUUAAGAGGGACGGCCGGGGGCAUUCGUAUUGCGCCGCUAGAGGUGAAAUUCUUGGACCGGCGCAAGACGGACCAGAGCGAAAGCAUUUGCCAAGAAUGUUUUCAUUAAUCAAGAACGAAAGUCGGAGGUUCGAAGACGAUCAGAUACCGUCGUAGUUCCGACCAUAAACGAUGCCGACUGGCGAUGCGGCGGCGUUAUUCCCAUGACCCGCCGGGCAGCUUCCGGGAAACCAAAGUCUUUGGGUUCCGGGGGGAGUAUGGUUGCAAAGCUGAAACUUAAAGGAAUUGACGGAAGGGCACCACCAGGAGUGGAGCCUGCGGCUUAAUUUGACUCAACACGGGAAACCUCACCCGGCCCGGACACGGACAGGAUUGACAGAUUGAUAGCUCUUUCUCGAUUCCGUGGGUGGUGGUGCAUGGCCGUUCUUAGUUGGUGGAGCGAUUUGUCUGGUUAAUUCCGAUAACGAACGAGACUCUGGCAUGCUAACUAGUUACGCGACCCCCGAGCGGUCGGCGUCCCCCAACUUCUUAGAGGGACAAGUGGCGUUCAGCCACCCGAGAUUGAGCAAUAACAGGUCUGUGAUGCCCUUAGAUGUCCGGGGCUGCACGCGCGCUACACUGACUGGCUCAGCGUGUGCCUACCCUACGCCGGCAGGCGCGGGUAACCCGUUGAACCCCAUUCGUGAUGGGGAUCGGGGAUUGCAAUUAUUCCCCAUGAACGAGGAAUUCCCAGUAAGUGCGGGUCAUAAGCUUGCGUUGAUUAAGUCCCUGCCCUUUGUACACACCGCCCGUCGCUACUACCGAUUGGAUGGUUUAGUGAGGCCCUCGGAUCGGCCCCGCCGGGGUCGGCCCACGGCCCUGGCGGAGCGCUGAGAAGACGGUCGAACUUGACUAUCUAGAGGAAGUAAAAGUCGUAACAAGGUUUCCGUAGGUGAACCUGCGGAAGGAUCAUUA	Paromamine	Target_lig_311	Human A-site	Target_103	4.0
627	[C@H]1([C@H]([C@@H]([C@@H](O[C@@H]1CN)O[C@@H]1[C@@H]([C@H](O[C@H]([C@@H]1N)OC)CN)O[C@H]1[C@@H]([C@H]([C@H]([C@H](O1)C)N)O)O)N)O)O	GAGCGUCACACCUUCGGGUGAAGUCGCUC	Neamine mimic_7	Target_lig_373	16s_rRNA A SITE	Target_3	3.55129368009492
1778	C#CCc1nc(Nc2nccc(c2)Nc2ccc3c(n2)cccc3)cc(n1)N1CCN(CC1)C	GCAGAGGUUGCCCUUGGUGAAUUCGCUUUAUUUAUGUUGAAUCACACAAAGGCAACUUUUGU	Compound C2-Ak	Target_lig_997	Pre-miR-377 5′-G_G/3′-CAC bulge	Target_313	5.79588001734408
853	C1C(C(C(C(C1N)OC2C(C(C(C(O2)CN)O)O)N)OC3C(C(C(O3)CO)OC4C(C(C(C(O4)CN)O)O)N)O)O)N	GGUGGGCGCAGCUUCGGCUGCGGUACACC	Neomycin	Target_lig_4	RRE1	Target_81	6.79588001734408
392	C[S+](CCC(C(=O)[O-])N)CC1C(C(C(O1)N2C=NC3=C(N=CN=C32)N)O)O	GGCUUAUCAAGAGAGGUGGAGGGACUGGCCCGAUGAAACCCGGCAACCAGAAAUGGUGCCAAUUCCUGCAGCGGAAACGUUGAAAGAUGAGCCA	S-adenosyl methionine	Target_lig_314	S_Adenosyl_methionine_riboswitch	Target_71	8.0
812	C1C(C(C(C(C1N)OC2C(C(C(C(O2)CN)O)O)N)OC3C(C(C(O3)CO)OC4C(C(C(C(O4)CN)O)O)N)O)O)N	CCCCCCCGCCGCGCCAUGCCUGUGGCCGGUCGG	Neomycin	Target_lig_4	Thymidylate synthase m-RNA	Target_63	6.0565054840939005
861	C1C(C(C(C(C1N)OC2C(C(C(C(O2)CN)O)O)N)OC3C(C(C(O3)CO)OC4C(C(C(C(O4)CN)O)O)N)O)O)N	GGUGGAGCGCAGCUUCGGCUGCGCCCACC	Neomycin	Target_lig_4	RRE9	Target_89	5.903089986991941
859	C1C(C(C(C(C1N)OC2C(C(C(C(O2)CN)O)O)N)OC3C(C(C(O3)CO)OC4C(C(C(C(O4)CN)O)O)N)O)O)N	GGUGGGCGCAGCUUCGGCUGCGGCCACC	Neomycin	Target_lig_4	RRE7	Target_87	5.75696195131371
2472	C1C(C(C(C(C1N)OC2C(C(C(C(O2)CN)O)O)N)OC3C(C(C(O3)CO)OC4C(C(C(C(O4)CN)O)O)N)O)O)N	GGUCGGCGCAGCUUCGGCUGCGGUAGACC	Neomycin	Target_lig_4	RRE16	Target_447	6.244125144327509
2080	N[C@@H]1C[C@H](N)[C@H]([C@H]([C@H]1OCCCc1nnn(c1)Cc1cccc(n1)Cn1nnc(c1)CCCO[C@@H]1[C@H](N)C[C@H]([C@@H]([C@H]1O)O)N)O)O	CGCGCAGUAGUAGCGCG	B-14	Target_lig_1139	RNA hairpin loop III	Target_378	5.89619627904404
1154	CCC1=C(C=C2C=C3C=CC=CC3=CC2=N1)C(=O)N[C@@H](CC1=CN(CC[C@H](N(C)C(=O)C2=C(CC)N=C3C=C4C=CC=CC4=CC3=C2)C(=O)N2CCC[C@H]2C(=O)N[C@@H](CC2=CC=CC=C2)C(=O)NCCC[NH3+])N=N1)C(=O)N1CCC[C@H]1C(=O)N(C)[C@@H](CC1=CC=CC=C1)C(=O)NCCC[NH3+]	UUUUUUAGGGAAGAUCUGGCCUUCCCACAAGGGAAGGCCAGGGAAUUUUCUU	DCC 5 (2017)	Target_lig_660	HIV-1 FSS RNA; 5-fold excess tRNA	Target_109	7.508638306165731
242	COC1=CC(=C(C=C1)OCCN=C(N)N)CNCCCCN=C(N)N	GGCAGAUCUGAGCCUGGGAGCUCUCUGCC	Rbt203	Target_lig_183	HIV-1 TAR RNA	Target_19	5.69897000433602
866	C1C(C(C(C(C1N)OC2C(C(C(C(O2)CN)O)O)N)OC3C(C(C(O3)CO)OC4C(C(C(C(O4)CN)O)O)N)O)O)N	GGUGGGCGCAGCUUCGGCUGCGCGGCCACC	Neomycin	Target_lig_4	RRE14	Target_94	6.3565473235138095
404	CC(=O)NCC1CN(C(=O)O1)C2=CC(=C(C=C2)N3CCOCC3)F	GGUUAAGCGACUAAGCGUACACGGUGGAUGCCCUGGCAGUCAGAGGCGAUGAAGGACGUGCUAAUCUGCGAUAAGCGUCGGUAAGGUGAUAUGAACCGUUAUAACCGGCGAUUUCCGAAUGGGGAAACCCAGUGUGUUUCGACACACUAUCAUUAACUGAAUCCAUAGGUUAAUGAGGCGAACCGGGGGAACUGAAACAUCUAAGUACCCCGAGGAAAAGAAAUCAACCGAGAUUCCCCCAGUAGCGGCGAGCGAACGGGGAGCAGCCCAGAGCCUGAAUCAGUGUGUGUGUUAGUGGAAGCGUCUGGAAAGGCGCGCGAUACAGGGUGACAGCCCCGUACACAAAAAUGCACAUGCUGUGAGCUCGAUGAGUAGGGCGGGACACGUGGUAUCCUGUCUGAAUAUGGGGGGACCAUCCUCCAAGGCUAAAUACUCCUGACUGACCGAUAGUGAACCAGUACCGUGAGGGAAAGGCGAAAAGAACCCCGGCGAGGGGAGUGAAAAAGAACCUGAAACCGUGUACGUACAAGCAGUGGGAGCACGCUUAGGCGUGUGACUGCGUACCUUUUGUAUAAUGGGUCAGCGACUUAUAUUCUGUAGCAAGGUUAACCGAAUAGGGGAGCCGAAGGGAAACCGAGUCUUAACUGGGCGUUAAGUUGCAGGGUAUAGACCCGAAACCCGGUGAUCUAGCCAUGGGCAGGUUGAAGGUUGGGUAACACUAACUGGAGGACCGAACCGACUAAUGUUGAAAAAUUAGCGGAUGACUUGUGGCUGGGGGUGAAAGGCCAAUCAAACCGGGAGAUAGCUGGUUCUCCCCGAAAGCUAUUUAGGUAGCGCCUCGUGAAUUCAUCUCCGGGGGUAGAGCACUGUUUCGGCAAGGGGGUCAUCCCGACUUACCAACCCGAUGCAAACUGCGAAUACCGGAGAAUGUUAUCACGGGAGACACACGGCGGGUGCUAACGUCCGUCGUGAAGAGGGAAACAACCCAGACCGCCAGCUAAGGUCCCAAAGUCAUGGUUAAGUGGGAAACGAUGUGGGAAGGCCCAGACAGCCAGGAUGUUGGCUUAGAAGCAGCCAUCAUUUAAAGAAAGCGUAAUAGCUCACUGGUCGAGUCGGCCUGCGCGGAAGAUGUAACGGGGCUAAACCAUGCACCGAAGCUGCGGCAGCGACGCUUAUGCGUUGUUGGGUAGGGGAGCGUUCUGUAAGCCUGCGAAGGUGUGCUGUGAGGCAUGCUGGAGGUAUCAGAAGUGCGAAUGCUGACAUAAGUAACGAUAAAGCGGGUGAAAAGCCCGCUCGCCGGAAGACCAAGGGUUCCUGUCCAACGUUAAUCGGGGCAGGGUGAGUCGACCCCUAAGGCGAGGCCGAAAGGCGUAGUCGAUGGGAAACAGGUUAAUAUUCCUGUACUUGGUGUUACUGCGAAGGGGGGACGGAGAAGGCUAUGUUGGCCGGGCGACGGUUGUCCCGGUUUAAGCGUGUAGGCUGGUUUUCCAGGCAAAUCCGGAAAAUCAAGGCUGAGGCGUGAUGACGAGGCACUACGGUGCUGAAGCAACAAAUGCCCUGCUUCCAGGAAAAGCCUCUAAGCAUCAGGUAACAUCAAAUCGUACCCCAAACCGACACUGGUGGUCAGGUAGAGAAUACCAAGGCGCUUGAGAGAACUCGGGUGAAGGAACUAGGCAAAAUGGUGCCGUAACUUCGGGAGAAGGCACGCUGAUAUGUAGGUGAGGUCCCUCGCGGAUGGAGCUGAAAUCAGUCGAAGAUACCAGCUGGCUGCAACUGUUUAUUAAAAACACAGCACUGUGCAAACACGAAAGUGGACGUAUACGGUGUGACGCCUGCCCGGUGCCGGAAGGUUAAUUGAUGGGGUUAGCGCAAGCGAAGCUCUUGAUCGAAGCCCCGGUAAACGGCGGCCGUAACUAUAACGGUCCUAAGGUAGCGAAAUUCCUUGUCGGGUAAGUUCCGACCUGCACGAAUGGCGUAAUGAUGGCCAGGCUGUCUCCACCCGAGACUCAGUGAAAUUGAACUCGCUGUGCAGAUGCAGUGUACCCGCGGCAAGACGGAAAGACCCCGUGAACCUUUACUAUAGCUUGACACUGAACAUUGAGCCUUGAUGUGUAGGAUAGGUGGGAGGCUUUGAAGUGUGGACGCCAGUCUGCAUGGAGCCGACCUUGAAAUACCACCCUUUAAUGUUUGAUGUUCUAACGUUGACCCGUAAUCCGGGUUGCGGACAGUGUCUGGUGGGUAGUUUGACUGGGGCGGUCUCCUCCUAAAGAGUAACGGAGGAGCACGAAGGUUGGCUAAUCCUGGUCGGACAUCAGGAGGUUAGUGCAAUGGCAUAAGCCAGCUUGACUGCGAGCGUGACGGCGCGAGCAGGUGCGAAAGCAGGUCAUAGUGAUCCGGUGGUUCUGAAUGGAAGGGCCAUCGCUCAACGGAUAAAAGGUACUCCGGGGAUAACAGGCUGAUACCGCCCAAGAGUUCAUAUCGACGGCGGUGUUUGGCACCUCGAUGUCGGCUCAUCACAUCCUGGGGCUGAAGUAGGUCCCAAGGGUAUGGCUGUUCGCCAUUUAAAGUGGUACGCGAGCUGGGUUUAGAACGUCGUGAGACAGUUCGGUCCCUAUCUGCCGUGGGCGCUGGAGAACUGAGGGGGGCUGCUCCUAGUACGAGAGGACCGGAGUGGACGCAUCACUGGUGUUCGGGUUGUCAUGCCAAUGGCACUGCCCGGUAGCUAAAUGCGGAAGAGAUAAGUGCUGAAAGCAUCUAAGCACGAAACUUGCCCCGAGAUGAGUUCUCCCUGACCCUUUAAGGGUCCUGAAGGAACGUUGAAGACGACGACGUUGAUAGGCCGGGUGUGUAAGCGCAGCGAUGCGUUGAGCUAACCGGUACUAAUGAACCGUGAGGCUUAACCUU	Linezolid	Target_lig_307	23SrRNA	Target_104	6.0
2092	N[C@@H]1C[C@H](N)[C@H]([C@H]([C@H]1OCCCc1nnn(c1)Cc1cccc(n1)Cn1nnc(c1)CCCO[C@@H]1[C@H](N)C[C@H]([C@@H]([C@H]1O)O)N)O)O	CGCGCAGUCAGUAGCGCG	B-14	Target_lig_1139	RNA hairpin loop IV	Target_381	5.52287874528034
240	C1=CC=C2C(=C1)C(=O)C3=CC4=C(C=C3N2)C(=O)C5=CC=CC=C5N4	GGCAGAUCUGAGCCUGGGAGCUCUCUGCC	Quinacridone	Target_lig_181	HIV-1 TAR RNA	Target_19	6.0
855	C1C(C(C(C(C1N)OC2C(C(C(C(O2)CN)O)O)N)OC3C(C(C(O3)CO)OC4C(C(C(C(O4)CN)O)O)N)O)O)N	GGUGGGCGCAGCUUCGGCUGCGCCCACC	Neomycin	Target_lig_4	RRE3	Target_83	5.19382002601611
854	C1C(C(C(C(C1N)OC2C(C(C(C(O2)CN)O)O)N)OC3C(C(C(O3)CO)OC4C(C(C(C(O4)CN)O)O)N)O)O)N	GGUGUCGCAGCUUCGCCUCGCACACC	Neomycin	Target_lig_4	RRE2	Target_82	5.122628654130231
786	c12c(cc(cc1)OC)[C@@]1(C(=O)C=C2)C=C[C@@H]2[C@@H]1c1c([C@H]2O[C@@H]2[C@H]([C@@H]([C@@H]([C@@H](O2)C)O)O)NC)cc2c(c1)cccc2	GUCCGAUGCGUGUUUCACGCAUCGGAC	Neocarzinostatin_chromophore_derivative_5	Target_lig_152	RNA XV	Target_125	5.309803919971491
1876	CC(C)C1=CC2=C(C=C1)N=C3C=CC(=CN3C2=O)C(=O)NCCN(C)C	GGGAGAGGGUUUAAUUCAGCAGCAGCAGCAGCAGUACGAAAGUACUGCUGCUGCUGCUGCUGAUUGGAUCCGCAAGG	B4	Target_lig_1035	(5'CAG/3'GUC)x6	Target_348	5.376750709602099
2475	C1C(C(C(C(C1N)OC2C(C(C(C(O2)CN)O)O)N)OC3C(C(C(O3)CO)OC4C(C(C(C(O4)CN)O)O)N)O)O)N	GGUGGACGCAGCUUCGGCUGACUGUACACC	Neomycin	Target_lig_4	RRE19	Target_450	6.075720713938121
1379	OC(CN(c1ccc(cc1)Br)c1ccc(cc1)Br)CNc1ccccc1C	GGGUUGACUGUUGAAUCUCAUGGCAACCC	Carbazole_analog_27	Target_lig_749	miR-21 hairpin	Target_265	5.3565473235138095
678	C1CNCCC1C2=NC3=C(N2)C=NC=C3	GAGCGUCACACCUUCGGGUGAAGUCGCUC	benzimidazole_analog_rRNA_21	Target_lig_437	16s_rRNA A SITE	Target_3	3.9586073148417698
867	C1C(C(C(C(C1N)OC2C(C(C(C(O2)CN)O)O)N)OC3C(C(C(O3)CO)OC4C(C(C(C(O4)CN)O)O)N)O)O)N	GGUGGGCGCAGCUUCGGCUGCGCUUCCACC	Neomycin	Target_lig_4	RRE15	Target_95	6.2839966563652006
964	CC1=C(C(=O)C2=C(C1=O)N3C[C@H]4[C@@H](C3=C2COC(=O)N)N4C)OC	AGGACUCGGCUUGCUGAAGCGCGCGACGGCAAGAGGCGAGGGGCGGCGACUGGUGAGUACGCCAAAAAUUUUGACUAGCGGAGGCUAGAAGGAGAGAGAUGGGUGCGAGAGCGUCGGU	NSC123111	Target_lig_579	HIV-1 genomic SL3 rna	Target_146	4.008773924307509
1197	CC1=C2C=C[N+](CC[NH+]3CCCCC3)=CC2=C(C)C2=C1NC1=C2C=C(O)C=C1	CGGCGGCGGCGGCGGCGGCGGCGGCGGCGGCGGCGG	Hydroxyellipticine 1a	Target_lig_680	5'CGG/3'GGC Loop	Target_205	7.11918640771921
864	C1C(C(C(C(C1N)OC2C(C(C(C(O2)CN)O)O)N)OC3C(C(C(O3)CO)OC4C(C(C(C(O4)CN)O)O)N)O)O)N	GGUGGGCGCAGCUUCGGCUGCGCAAACCACC	Neomycin	Target_lig_4	RRE12	Target_92	6.18708664335714
688	C1CNCCC1C2=NC3=CC(=C(C=C3N2CC4=CC=C(C=C4)I)Cl)Cl	GAGCGUCACACCUUCGGGUGAAGUCGCUC	benzimidazole_analog_rRNA_31	Target_lig_447	16s_rRNA A SITE	Target_3	3.7033348097384704
1399	NCC1OC(OC2C(Cn3nnc(c3)c3ccc(cc3)C(=O)Nc3cccc(c3)c3csc(n3)NC(=O)C)OC(C2O)OC2C(O)C(N)CC(C2OC2OC(CN)C(C(C2N)O)O)N)C(C(C1O)O)N	GUGGGCCUCAAAUGUGGAGCACUAUUCUGAUGUCCAAGUGGAAAGUGCUGCGACAUUUGAGCGUCAC	Neomycin-4c	Target_lig_768	Pre-miR-372	Target_266	4.471083299722349
2061	CN(CCCCOc1ccc(cc1CNCCCN1CCNCC1)c1cc2c(s1)cccc2)C	GGCAGAUCUGAGCCUGGGAGCUCUCUGCC	Rbt605	Target_lig_1136	HIV-1 TAR RNA	Target_19	5.946921556516581
1787	C1C(C(C(C(C1N)OC2C(C(C(C(O2)CN)O)O)N)OC3C(C(C(O3)CO)OC4C(C(C(C(O4)CN)O)O)N)O)O)N	GGCAGAUCUGAGCCUGGGAGCUCUCUGCC	Neomycin	Target_lig_4	HIV-1 TAR ab	Target_19	4.5086383061657305
1393	NCC1OC(OC2C(Cn3nnc(c3)CCC(=O)Nc3cccc(c3)c3csc(n3)NC(=O)c3ccc(cc3)C)OC(C2O)OC2C(O)C(N)CC(C2OC2OC(CN)C(C(C2N)O)O)N)C(C(C1O)O)N	GUGGGCCUCAAAUGUGGAGCACUAUUCUGAUGUCCAAGUGGAAAGUGCUGCGACAUUUGAGCGUCAC	Neomycin-3a	Target_lig_762	Pre-miR-372	Target_266	4.279840696594039
781	c12c(cc(cc1)OC)[C@@]1(C(=O)C=C2)C=C[C@@H]2[C@@H]1c1c([C@H]2O[C@@H]2[C@H]([C@@H]([C@@H]([C@@H](O2)C)O)O)NC)cc2c(c1)cccc2	GUCCGAUGCGUGUUUCACGCAGUUCGGAC	Neocarzinostatin_chromophore_derivative_5	Target_lig_152	RNA XIII	Target_123	5.88605664769316
1292	C1=C(C=C(C(=C1O)O)O)C2=C(C(=O)C3=C(C=C(C=C3O2)O)O)O	GGAGAGGGUUUAAUCAGUACGAAAGUAGACAUUGGAUCCGCAAGG	Myricetin	Target_lig_718	5′CAG/3′GAC x 3 repeat RNA	Target_236	8.23657200643706
1520	OC1CN(C1)Cc1ccc(cc1)C1CCN(CC1)C(=O)c1cn(c2c1cccc2)C	GGCAGUGUGAGUACCUUCAUACGUC	Compound 6	Target_lig_826	DDPAC hairpin A-bulge	Target_198	4.818156412055231
2136	C[S+](CCC(C(=O)[O-])N)CC1C(C(C(O1)N2C=NC3=C(N=CN=C32)N)O)O	GGUACAAUCUAAAAACUUAUCAAGAGCGGCUGAGGGACUGGACCUAUGAAGCCCGGCAACCUGCAUAGUUUGUAAGGUGCUACUUCCAGCAAAAUGAAUUCCAUUUUGAAAGAUAAGGGCUGCAUGCUGUUCCUGUCUUUCUUUCCGCCGAUUGAAAGUUUUUU	S-adenosyl methionine	Target_lig_314	B.subtilis cysH	Target_405	6.0
2181	NCC1OC(OC2C(N)CC(C(C2O)OC2OC(COC3OC(CN)C(C(C3O)O)O)C(C(C2N)O)N)N)C(CC1O)N	GAAGACAGCCGCUUCUACGAGCAU	Compd 40	Target_lig_1281	E. coli transglycosidase mRNA	Target_407	5.09691001300806
355	[C@H]1([C@@H]([C@H]([C@H](O[C@@H]1CNCC(C)C)O[C@H]1[C@@H]([C@H]([C@H](C[C@H]1N)N)O)O[C@H]1O[C@@H]([C@H]([C@@H]1O)O[C@@H]1CO[C@H]([C@@H]([C@H]1O)O)CN)CO)N)O)O	GAGCGUCACACCUUCGGGUGAAGUCGCUC	Perazidoparomomycin derivative 8	Target_lig_281	Bacterial ribosomal A-site	Target_3	5.92081875395238
835	C1C(C(C(C(C1N)OC2C(C(C(C(O2)CN)O)O)N)OC3C(C(C(O3)CO)OC4C(C(C(C(O4)CN)O)O)N)O)O)N	GGAUUUAAGCAGAGUUCAAAAGCCCUUCAGCGGCCAGUAG	Neomycin	Target_lig_4	PAX3-FKHR m-RNA	Target_65	5.82390874094432
384	CC(=O)NCC1CN(C(=O)O1)C2=CC(=C(C=C2)N3CCOCC3)F	UUGGCUACUAUGCCAGCUGGUGGAUUGCUCGGCUCAGGCGCUGAUGAAGGACGUGCCAAGCUGCGAUAAGCCAUGGGGAGCCGCACGGAGGCGAAGAACCAUGGAUUUCCGAAUGAGAAUCUCUCUAACAAUUGCUUCGCGCAAUGAGGAACCCCGAGAACUGAAACAUCUCAGUAUCGGGAGGAACAGAAAACGCAAUGUGAUGUCGUUAGUAACCGCGAGUGAACGCGAUACAGCCCAAACCGAAGCCCUCACGGGCAAUGUGGUGUCAGGGCUACCUCUCAUCAGCCGACCGUCUCGACGAAGUCUCUUGGAACAGAGCGUGAUACAGGGUGACAACCCCGUACUCGAGACCAGUACGACGUGCGGUAGUGCCAGAGUAGCGGGGGUUGGAUAUCCCUCGCGAAUAACGCAGGCAUCGACUGCGAAGGCUAAACACAACCUGAGACCGAUAGUGAACAAGUAGUGUGAACGAACGCUGCAAAGUACCCUCAGAAGGGAGGCGAAAUAGAGCAUGAAAUCAGUUGGCGAUCGAGCGACAGGGCAUACAAGGUCCCUCGACGAAUGACCGACGCGCGAGCGUCCAGUAAGACUCACGGGAAGCCGAUGUUCUGUCGUACGUUUUGAAAAACGAGCCAGGGAGUGUGUCUGCAUGGCAAGUCUAACCGGAGUAUCCGGGGAGGCACAGGGAAACCGACAUGGCCGCAGGGCUUUGCCCGAGGGCCGCCGUCUUCAAGGGCGGGGAGCCAUGUGGACACGACCCGAAUCCGGACGAUCUACGCAUGGACAAGAUGAAGCGUGCCGAAAGGCACGUGGAAGUCUGUUAGAGUUGGUGUCCUACAAUACCCUCUCGUGAUCUAUGUGUAGGGGUGAAAGGCCCAUCGAGUCCGGCAACAGCUGGUUCCAAUCGAAACAUGUCGAAGCAUGACCUCCGCCGAGGUAGUCUGUGAGGUAGAGCGACCGAUUGGUGUGUCCGCCUCCGAGAGGAGUCGGCACACCUGUCAAACUCCAAACUUACAGACGCCGUUUGACGCGGGGAUUCCGGUGCGCGGGGUAAGCCUGUGUACCAGGAGGGGAACAACCCAGAGAUAGGUUAAGGUCCCCAAGUGUGGAUUAAGUGUAAUCCUCUGAAGGUGGUCUCGAGCCCUAGACAGCCGGGAGGUGAGCUUAGAAGCAGCUACCCUCUAAGAAAAGCGUAACAGCUUACCGGCCGAGGUUUGAGGCGCCCAAAAUGAUCGGGACUCAAAUCCACCACCGAGACCUGUCCGUACCACUCAUACUGGUAAUCGAGUAGAUUGGCGCUCUAAUUGGAUGGAAGUAGGGGUGAAAACUCCUAUGGACCGAUUAGUGACGAAAAUCCUGGCCAUAGUAGCAGCGAUAGUCGGGUGAGAACCCCGACGGCCUAAUGGAUAAGGGUUCCUCAGCACUGCUGAUCAGCUGAGGGUUAGCCGGUCCUAAGUCAUACCGCAACUCGACUAUGACGAAAUGGGAAACGGGUUAAUAUUCCCGUGCCACUAUGCAGUGAAAGUUGACGCCCUGGGGUCGAUCACGCUGGGCAUUCGCCCAGUCGAACCGUCCAACUCCGUGGAAGCCGUAAUGGCAGGAAGCGGACGAACGGCGGCAUAGGGAAACGUGAUUCAACCUGGGGCCCAUGAAAAGACGAGCAUAGUGUCCGUACCGAGAACCGACACAGGUGUCCAUGGCGGCGAAAGCCAAGGCCUGUCGGGAGCAACCAACGUUAGGGAAUUCGGCAAGUUAGUCCCGUACCUUCGGAAGAAGGGAUGCCUGCUCCGGAACGGAGCAGGUCGCAGUGACUCGGAAGCUCGGACUGUCUAGUAACAACAUAGGUGACCGCAAAUCCGCAAGGACUCGUACGGUCACUGAAUCCUGCCCAGUGCAGGUAUCUGAACACCUCGUACAAGAGGACGAAGGACCUGUCAACGGCGGGGGUAACUAUGACCCUCUUAAGGUAGCGUAGUACCUUGCCGCAUCAGUAGCGGCUUGCAUGAAUGGAUUAACCAGAGCUUCACUGUCCCAACGUUGGGCCCGGUGAACUGUACAUUCCAGUGCGGAGUCUGGAGACACCCAGGGGGAAGCGAAGACCCUAUGGAGCUUUACUGCAGGCUGUCGCUGAGACGUGGUCGCCGAUGUGCAGCAUAGGUAGGAGACACUACACAGGUACCCGCGCUAGCGGGCCACCGAGUCAACAGUGAAAUACUACCCGUCGGUGACUGCGACUCUCACUCCGGGAGGAGGACACCGAUAGCCGGGCAGUUUGACUGGGGCGGUACGCGCUCGAAAAGAUAUCGAGCGCGCCCUAUGGCUAUCUCAGCCGGGACAGAGACCCGGCGAAGAGUGCAAGAGCAAAAGAUAGCUUGACAGUGUUCUUCCCAACGAGGAACGCUGACGCGAAAGCGUGGUCUAGCGAACCAAUUAGCCUGCUUGAUGCGGGCAAUUGAUGACAGAAAAGCUACCCUAGGGAUAACAGAGUCGUCACUCGCAAGAGCACAUAUCGACCGAGUGGCUUGCUACCUCGAUGUCGGUUCCCUCCAUCCUGCCCGUGCAGAAGCGGGCAAGGGUGAGGUUGUUCGCCUAUUAAAGGAGGUCGUGAGCUGGGUUUAGACCGUCGUGAGACAGGUCGGCUGCUAUCUACUGGGUGUGUAAUGGUGUCUGACAAGAACGACCGUAUAGUACGAGAGGAACUACGGUUGGUGGCCACUGGUGUACCGGUUGUUCGAGAGAGCACGUGCCGGGUAGCCACGCCACACGGGGUAAGAGCUGAACGCAUCUAAGCUCGAAACCCACUUGGAAAAGAGACACCGCCGAGGUCCCGCGUACAAGACGCGGUCGAUAGACUCGGGGUGUGCGCGUCGAGGUAACGAGACGUUAAGCCCACGAGCACUAACAGACCAAAGCCAUCAU	Linezolid	Target_lig_307	Bacterial ribosome	Target_99	4.39794000867204
208	c12c(cc(cc1)OC)[C@@]1(C(=O)C=C2)C=C[C@@H]2[C@@H]1c1c([C@H]2O[C@@H]2[C@H]([C@@H]([C@@H]([C@@H](O2)C)O)O)NC)cc2c(c1)cccc2	GGCCAGAUUGAGCCUGGGAGCUCUCUGGCC	Neocarzinostatin_chromophore_derivative_5	Target_lig_152	RNA_Str_HIV-2 TAR	Target_20	5.09691001300806
856	C1C(C(C(C(C1N)OC2C(C(C(C(O2)CN)O)O)N)OC3C(C(C(O3)CO)OC4C(C(C(C(O4)CN)O)O)N)O)O)N	GGUGGGCGCAGCUUCGGCUGCGGACACC	Neomycin	Target_lig_4	RRE4	Target_84	6.318758762624411
2226	NCC1OC(OC2C(N)CC(C(C2O)OC2OC(COC3OC(CN)C(C(C3O)O)O)C(C(C2N)O)N)N)C(CC1O)N	GGCUGACCAUCAAUAAGGAAGAAGCCCUUCAGCGGCCAGUA	Compd 40	Target_lig_1281	HIV protease active site (PAS) mRNA	Target_409	4.85387196432176
353	[C@H]1([C@H]([C@H]([C@H](O[C@H]1CNC)O[C@H]1[C@@H]([C@H]([C@H](C[C@H]1N)N)O)O[C@@H]1O[C@@H]([C@H]([C@@H]1O)O[C@@H]1CO[C@@H]([C@@H]([C@H]1O)O)CN)CO)N)O)O	GAGCGUCACACCUUCGGGUGAAGUCGCUC	Perazidoparomomycin derivative 5	Target_lig_279	Bacterial ribosomal A-site	Target_3	6.397940008672039
803	C1C(C(C(C(C1N)OC2C(C(C(C(O2)CN)O)O)N)OC3C(C(C(O3)CO)OC4C(C(C(C(O4)CN)O)O)N)O)O)N	AUUUUUCCUCGAACUUGGCGGAACGCAGAAAAAU	Neomycin	Target_lig_4	SLI of Rep A	Target_127	7.096910013008059
1601	CC1=CN2C=C(C=C(C2=N1)F)C3=CC(=O)N4C=C(C=CC4=N3)N5CCN(CC5)C	AAAAGAAGGAAGUGCUCACAUUCCUUAAAUUAAGGAGUAAGUCUGC	SMN-C5	Target_lig_858	SMN2 pre-mRNA GA-rich sequence	Target_284	5.09691001300806
933	CO[C@@H]1[C@H](O[C@H]([C@@H]1O)N2C=NC3=C(N=CN=C32)N)CO	CUCGGUACCGCAAAAGCGUUUUUCGCAUACCUAUUCGUUAUAGGUCGAUUGUACCGAG	3-O-methyl-D-Adenosine	Target_lig_552	Spiegelmer L-A42d RNA (58 mer)	Target_142	5.85387196432176
2443	C1C(C(C(C(C1N)OC2C(C(C(C(O2)CN)O)O)N)OC3C(C(C(O3)CO)OC4C(C(C(C(O4)CN)O)O)N)O)O)N	AUUUUUCCUCGAACUUGGCGAGACGCAGAAAAAU	Neomycin	Target_lig_4	G21A,A22G SLI_mutant	Target_444	7.52287874528034
785	c12c(cc(cc1)OC)[C@@]1(C(=O)C=C2)C=C[C@@H]2[C@@H]1c1c([C@H]2O[C@@H]2[C@H]([C@@H]([C@H]([C@H](O2)CO)O)O)N)cc2c(c1)cccc2	GUCCGAUGCGUGUUUCACGCAUCGGAC	Neocarzinostatin_chromophore_derivative_4	Target_lig_526	RNA XV	Target_125	5.30102999566398
1200	CC1=C2C=C[N+](CC[NH+]3CCCCC3)=CC2=C(C)C2=C1NC1=C2C=C(O)C=C1	GGGGCCGGGGCCGGGGCCGGGGCCGGGGCCGGGGCCGGGGCCGGGGCC	Hydroxyellipticine 1a	Target_lig_680	Hairpin	Target_183	4.30102999566398
2072	N[C@@H]1C[C@H](N)[C@H]([C@H]([C@H]1OCCCc1nnn(c1)Cc1cccc(n1)Cn1nnc(c1)CCCO[C@@H]1[C@H](N)C[C@H]([C@@H]([C@H]1O)O)N)O)O	CGCGCUUCGGCGCG	B-14	Target_lig_1139	RNA hairpin loop Ib	Target_376	5.10347378251045
1391	NCC1OC(OC2C(Cn3nnc(c3)CCC(=O)NCC(=O)Nc3nc4c([nH]3)cccc4)OC(C2O)OC2C(O)C(N)CC(C2OC2OC(CN)C(C(C2N)O)O)N)C(C(C1O)O)N	GUGGGCCUCAAAUGUGGAGCACUAUUCUGAUGUCCAAGUGGAAAGUGCUGCGACAUUUGAGCGUCAC	Neomycin_nucleobase_3j	Target_lig_760	Pre-miR-372	Target_266	4.82973828460504
1602	C[C@H]1CN(CCN1)C2=CC3=C(C=C2)C=C(C(=O)O3)C4=CN5C=C(N=C(C5=N4)C)C	AAAAGAAGGAAGUGCUCACAUUCCUUAAAUUAAGGAGUAAGUCUGC	SMN2_compound_1	Target_lig_859	SMN2 pre-mRNA GA-rich sequence	Target_284	4.73282827159699
857	C1C(C(C(C(C1N)OC2C(C(C(C(O2)CN)O)O)N)OC3C(C(C(O3)CO)OC4C(C(C(C(O4)CN)O)O)N)O)O)N	GGUGGGCGCAGCUUCGGCUGCGCACACC	Neomycin	Target_lig_4	RRE5	Target_85	5.928117992693879
2454	C1C(C(C(C(C1N)OC2C(C(C(C(O2)CN)O)O)N)OC3C(C(C(O3)CO)OC4C(C(C(C(O4)CN)O)O)N)O)O)N	CCCCCCCGCCGCGCCAUGCCUGUGGCCGGGGGG	Neomycin	Target_lig_4	TS mRNA Construct_4	Target_445	6.01010543628123
716	[C@H]12[C@@H](C[C@@H]3[N@@](C1)(CCc1c3[nH]c3c1cccc3)C)[C@H]([C@H](CC2)O)C(=O)OC	GGCAGAUCUGAGCCUGGGAGCUCUCUGCC	Phenothiazine 8	Target_lig_480	RNA_Str_HIV-1 TAR	Target_19	3.0472075569559105
1861	CC(C)C1=CC2=C(C=C1)N=C3C=CC(=CN3C2=O)C(=O)NCCN(C)C	GGGAGAGGGUUUAAUUCAGUACGAAAGUACUGAUUGGAUCCGCAAGG	B4	Target_lig_1035	(5'CAG/3'GUC) x1	Target_346	5.309803919971491
1818	O=C(c1nc(Cl)c(nc1N)N(C)C)NC(=[NH2+])N	GGAUCAAUAGCAGGUGUGGCACACCAGUCAUACCUUGAUCC	DMA-001	Target_lig_1020	EV71 SLII RNA	Target_329	6.23657200643706
699	c1(c(cc2c(c1)nc(n2Cc1ccc(cc1N(=O)O)C(F)(F)F)C1CCNCC1)Cl)Cl	GAGCGUCACACCUUCGGGUGAAGUCGCUC	benzimidazole_analog_rRNA_42	Target_lig_458	16s_rRNA A SITE	Target_3	3.91364016932525
1294	C1=C(C=C(C(=C1O)O)O)C2=C(C(=O)C3=C(C=C(C=C3O2)O)O)O	GGAGAGGGUUUAAUCAGUACGAAAGUAGACAUUGGAUCCGCAAGG	Myricetin	Target_lig_718	5′CAG/3′GAC x 5 repeat RNA	Target_238	7.244125144327509
91	C1=NC(=C2C(=N1)N(C=N2)C3C(C(C(O3)COP(=O)(O)OP(=O)(O)OP(=O)(O)O)O)O)N	GGGAAGGGAAGAAACUGCGGCUUCGGCCGGCUUCCC	ATP	Target_lig_65	RNA_Aptamer	Target_6	5.397940008672039
935	C1[C@H](O[C@H]([C@@H]1O)N2C=NC3=C(N=CN=C32)N)CO	CUCGGUACCGCAAAAGCGUUUUUCGCAUACCUAUUCGUUAUAGGUCGAUUGUACCGAG	3-deoxy-D-Adenosine	Target_lig_554	Spiegelmer L-A42d RNA (58 mer)	Target_142	5.09691001300806
1824	OC(COP(=O)(OC1C(O)C(OC1n1cnc2c1ncnc2N)COP(=O)(OC1C(O)C(OC1n1cnc2c1ncnc2N)COP(=O)(OC1C(O)C(OC1n1cnc2c1ncnc2N)COP(=O)(OC1C(O)C(OC1n1cnc2c1ncnc2N)COP(=O)(O)O)O)O)O)O)COCCCNC(=O)CCCOc1cccc(c1)c1nc2c([nH]1)ccc(c2)c1nc2c([nH]1)cc(cc2)N1CCN(CC1)C	AGCCCCUGCCCACCGCACACUGCGCUGCCCCAGACCCACUGUGCGUGUGACAGCGGCUGA	SMC1	Target_lig_1024	Pre-miR-210	Target_227	6.721246399047169
2088	N[C@@H]1C[C@H](N)[C@H]([C@H]([C@H]1OCCCc1nnn(c1)Cc1cccc(n1)Cn1nnc(c1)CCCO[C@@H]1[C@H](N)C[C@H]([C@@H]([C@H]1O)O)N)O)O	CGCGCACAACAAGCGCG	B-14	Target_lig_1139	RNA hairpin loop IIIb	Target_380	5.46597389394387
649	O1[C@H](O[C@@H]2C[C@@H](NCC[C@H]2N)CO)[C@H]([C@@H]([C@H]([C@@H]1CN)O)O)N	GAGCGUCACACCUUCGGGUGAAGUCGCUC	Azepane aminoglycoside mimic 1	Target_lig_395	16s_rRNA A SITE	Target_3	4.958607314841769
661	C1CCC(CC1)C2=NC3=C(N2)C=C(C=C3)[N+](=O)[O-]	GAGCGUCACACCUUCGGGUGAAGUCGCUC	benzimidazole_analog_rRNA_4	Target_lig_421	16s_rRNA A SITE	Target_3	3.0
1908	Clc1ccc(cc1)c1nnc(o1)c1nc2ccccc2c(n1)c1ccc(cc1)N(C)C	UGUGGGAGGGGCGGGUCUGGG	NRAS SAR 8	Target_lig_1058	NRAS G4 motif	Target_259	5.52287874528034
795	C1C(C(C(C(C1N)OC2C(C(C(C(O2)CN)O)O)N)OC3C(C(C(O3)CO)OC4C(C(C(C(O4)CN)O)O)N)O)O)N	GAGGGUGGAACCGCGCUUCGGCGUCCCUC	Neomycin_B	Target_lig_1246	T box antiterminator RNA	Target_112	5.07058107428571
2255	NCC1OC(OC2C(N)CC(C(C2O)OC2OC(COC3OC(CN)C(C(C3O)O)O)C(C(C2N)O)N)N)C(CC1O)N	GCCAACCCACCUAACUACGGAAAACCUGAUCCC	Compd 40	Target_lig_1281	human tyrosine sulfotransferase mRNA	Target_410	4.88605664769316
764	CCCNC(=O)CCCOC1=CC=CC(=C1)C2=NC3=C(N2)C=C(C=C3)C4=NC5=C(N4)C=C(C=C5)N6CCN(CC6)C	GGGAGAGGGUUUAAUCUGUACGAAAGUACUGAUUGGAUCCGCAAGG	N-propylbutanamide derivative	Target_lig_521	DM1-RNA-MBNL1	Target_110	6.88605664769316
2058	NCCCOc1ccc(cc1CNCCC1CCNCC1)c1ccc2c(n1)cccc2	GGCAGAUCUGAGCCUGGGAGCUCUCUGCC	Rbt556	Target_lig_1133	HIV-1 TAR RNA	Target_19	6.350665141287861
120	CN(C)C1=NC2=CC=CC=C2C=C1	GAGCGUCACACCUUCGGGUGAAGUCGCUC	N,N-dimethylquinolin-2-amine	Target_lig_91	A-site 16S rRNA_E_coli (1)	Target_3	3.00436480540245
1588	C1C(C(C(C(C1N)OC2C(C(C(C(O2)CN)O)O)N)OC3C(C(C(O3)CO)OC4C(C(C(C(O4)CN)O)O)N)O)O)N	CCGACUGAUGUUGAXUGUUGAAUYUCAUGGCAACACCAGUCGG	Neomycin	Target_lig_4	Oligonucleotide 4	Target_283	5.52287874528034
1887	CC(C)C1=CC2=C(C=C1)N=C3C=CC(=CN3C2=O)C(=O)NCCN(C)C	GGGAGAGGGUUUAAUUCGGCGGCGGCGGCGGCGGCGGCGGCGGCGGCGGCGGCGGCGGCGGCGGCGGCGGCGGCGGCGGCGGCGGCGGCGGCGGCGGCGGCGGCGGCGGCGGCGGCGGCGGCGGCGGCGGCGGCGGCGGCGGCGGCGGCGGCGGCGGCGGCGGCGGCGGCGGCGGCGGCGGCGGCGGCGGCGGCGGUACGAAAGUACGGCGGCGGCGGCGGCGGCGGCGGCGGCGGCGGCGGCGGCGGCGGCGGCGGCGGCGGCGGCGGCGGCGGCGGCGGCGGCGGCGGCGGCGGCGGCGGCGGCGGCGGCGGCGGCGGCGGCGGCGGCGGCGGCGGCGGCGGCGGCGGCGGCGGCGGCGGCGGCGGCGGCGGCGGCGGCGGCGGAUUGGAUCCGCAAGG	B4	Target_lig_1035	(5'CGG/3'GGC) x60	Target_351	7.0
2425	C1C(C(C(C(C1N)OC2C(C(C(C(O2)CN)O)O)N)OC3C(C(C(O3)CO)OC4C(C(C(C(O4)CN)O)O)N)O)O)N	AUUUUUCCUCGAACUUAACGGAACGCAGAAAAAU	Neomycin	Target_lig_4	G17A,G18A SLI_mutant	Target_442	7.30102999566398
990	CC1=CC=CN2C1=NC3=C(C2=O)C=C(C(=N)N3CCOCCO)C(=O)N[C@@H](C)C4=CC=CC=C4	AGGACUCGGCUUGCUGAAGCGCGCGACGGCAAGAGGCGAGGGGCGGCGACUGGUGAGUACGCCAAAAAUUUUGACUAGCGGAGGCUAGAAGGAGAGAGAUGGGUGCGAGAGCGUCGGU	SL3 RNA_ligand1	Target_lig_605	SL3 RNA	Target_146	3.78781239559604
862	C1C(C(C(C(C1N)OC2C(C(C(C(O2)CN)O)O)N)OC3C(C(C(O3)CO)OC4C(C(C(C(O4)CN)O)O)N)O)O)N	GGUGGGCGCAGCUUCGGCUGCGCACCACC	Neomycin	Target_lig_4	RRE10	Target_90	6.18708664335714
1381	C1C(C(C(C(C1N)OC2C(C(C(C(O2)CN)O)O)N)OC3C(C(C(O3)CO)OC4C(C(C(C(O4)CN)O)O)N)O)O)N	GUGGGCCUCAAAUGUGGAGCACUAUUCUGAUGUCCAAGUGGAAAGUGCUGCGACAUUUGAGCGUCAC	Neomycin	Target_lig_4	Pre-miR-372	Target_266	2.13076828026902
2084	N[C@@H]1C[C@H](N)[C@H]([C@H]([C@H]1OCCCc1nnn(c1)Cc1cccc(n1)Cn1nnc(c1)CCCO[C@@H]1[C@H](N)C[C@H]([C@@H]([C@H]1O)O)N)O)O	CGCGCACAAGUAGCGCG	B-14	Target_lig_1139	RNA hairpin loop IIIa	Target_379	5.455931955649719
820	C1C(C(C(C(C1N)OC2C(C(C(C(O2)CN)O)O)N)OC3C(C(C(O3)CO)OC4C(C(C(C(O4)CN)O)O)N)O)O)N	GGCUGACCAUCAAUAAGGAAGAAGCCCUUCAGCGGCCAGUA	Neomycin	Target_lig_4	Bcr-Abl m-RNA	Target_64	5.82390874094432
226	C1C(C(C(C(C1N)OC2C(C(C(C(O2)CN)O)O)N)OC3C(C(C(O3)CO)OC4C(C(C(C(O4)CN)O)O)N)O)O)N	GAGCGUCACACCUUCGGGUGAAGUCGCUC	Neomycin	Target_lig_4	A-site	Target_3	7.221848749616361
1400	NCC1OC(OC2C(Cn3nnc(c3)c3cccc(c3)C(=O)Nc3cccc(c3)c3csc(n3)NC(=O)C)OC(C2O)OC2C(O)C(N)CC(C2OC2OC(CN)C(C(C2N)O)O)N)C(C(C1O)O)N	GUGGGCCUCAAAUGUGGAGCACUAUUCUGAUGUCCAAGUGGAAAGUGCUGCGACAUUUGAGCGUCAC	Neomycin-4d	Target_lig_769	Pre-miR-372	Target_266	4.39254497678533
154	N=C(N)SCc1nc2C=C=C=Cc2n1CCC1=C=C=C=C=C1	GAGCGUCACACCUUCGGGUGAAGUCGCUC	benzodiazolyl_methyl_sulfanylmethanimidamide	Target_lig_124	A-site 16S rRNA_E_coli (1)	Target_3	3.75696195131371
1881	CC(C)C1=CC2=C(C=C1)N=C3C=CC(=CN3C2=O)C(=O)NCCN(C)C	GGGAGAGGGUUUAAUUCGGCGGCGGCGGCGGCGGCGGCGGCGGCGGCGGCGGCGGCGGCGGCGGCGGCGGCGGCGGUACGAAAGUACGGCGGCGGCGGCGGCGGCGGCGGCGGCGGCGGCGGCGGCGGCGGCGGCGGCGGCGGCGGAUUGGAUCCGCAAGG	B4	Target_lig_1035	(5'CGG/3'GGC) x20	Target_349	6.769551078621731
943	N=C1N[C@@H]2CS[C@@H]([C@H]2N1)CCCCC(=O)NCCOCCOCCNC(=O)CCCC[C@H]1[C@@H]2NC(=N)N[C@H]2CS1	GGACCGUCAGAGGACACGGUUAAAAAGUCCUCU	biotin dimer	Target_lig_561	B alpha aptamer	Target_61	5.67778070526608
1342	CCOC1=CC=C(C=C1)NCC(CN2C3=C(C=C(C=C3)Br)C4=C2C=CC(=C4)Br)O	GGGUUGACUGUUGAAUCUCAUGGCAACCC	Aniline_analog_13	Target_lig_737	miR-21 hairpin	Target_265	5.92081875395238
2196	NCC1OC(OC2C(N)CC(C(C2O)OC2OC(COC3OC(CN)C(C(C3O)O)O)C(C(C2N)O)N)N)C(CC1O)N	CUGUCUUCACGCAGAAAGCGUCUAGCCAUGGCGUUAGUAUGAGUGUCG	Compd 40	Target_lig_1281	HCV IRES Domain Iib	Target_408	5.420216403383191
2474	C1C(C(C(C(C1N)OC2C(C(C(C(O2)CN)O)O)N)OC3C(C(C(O3)CO)OC4C(C(C(C(O4)CN)O)O)N)O)O)N	GGUGCGCGCAGCUUCGGCUGCGGUACACC	Neomycin	Target_lig_4	RRE18	Target_449	6.29242982390206
860	C1C(C(C(C(C1N)OC2C(C(C(C(O2)CN)O)O)N)OC3C(C(C(O3)CO)OC4C(C(C(C(O4)CN)O)O)N)O)O)N	GGUGUGCCGCAGCUUCGGCUGCGGACACC	Neomycin	Target_lig_4	RRE8	Target_88	5.56224943717961
615	C1[C@@H]([C@H]([C@@H]([C@H]([C@@H]1NC(=O)[C@H](CCN)O)OCCNCCCN)O)O[C@@H]2[C@@H]([C@H]([C@@H]([C@H](O2)CN)O)O)N)N	GAGCGUCACACCUUCGGGUGAAGUCGCUC	Neamine derivative_2	Target_lig_361	16s_rRNA A SITE	Target_3	5.229147988357861
2478	C1C(C(C(C(C1N)OC2C(C(C(C(O2)CN)O)O)N)OC3C(C(C(O3)CO)OC4C(C(C(C(O4)CN)O)O)N)O)O)N	GGUGGGCUCAGCUUCGGCUGACGGUACACC	Neomycin	Target_lig_4	RRE22	Target_453	6.30980391997149
681	C1CNCCC1C2=NC3=CC=CC=C3S2	GAGCGUCACACCUUCGGGUGAAGUCGCUC	benzimidazole_analog_rRNA_24	Target_lig_440	16s_rRNA A SITE	Target_3	3.0
852	C1C(C(C(C(C1N)OC2C(C(C(C(O2)CN)O)O)N)OC3C(C(C(O3)CO)OC4C(C(C(C(O4)CN)O)O)N)O)O)N	GCACUAUGGGCGCCAGCGUCAAUGACGCUGACGGUACAGCCAGACAAUUAUUGUCUGGUAUAGUGC	Neomycin_B	Target_lig_1246	RRE-RNA	Target_80	6.82390874094432
281	CN(C)C1=NC(=C(N=C1Cl)C(=O)N=C(N)N)N	GGCAGAUCUGAGCCUGGGAGCUCUCUGCC	N_N_dimethyl_amiloride	Target_lig_221	HIV-1 TAR RNA	Target_19	3.91417446647926
1782	NCCCCC(C(=O)OCO[C@H]1C[C@@H](O[C@@H]1COCOC(=O)C(CCCCN)N)C(=O)Nc1cccc(c1)c1csc(n1)NC(=O)C)N	GGCAGAUCUGAGCCUGGGAGCUCUCUGCC	Compound 3bb	Target_lig_1000	HIV-1 TAR RNA	Target_19	5.09691001300806
209	c12c(cc(cc1)OC)[C@@]1(C(=O)C=C2)C=C[C@H]2[C@H]1c1c([C@@H]2O[C@@H]2[C@H]([C@@H]([C@@H]([C@@H](O2)C)O)O)NC)cc2c(c1)cccc2	GGCCAGAUUGAGCCUGGGAGCUCUCUGGCC	Neocarzinostatin_chromophore_derivative_6	Target_lig_153	RNA_Str_HIV-2 TAR	Target_20	5.045757490560679
1780	C1C(C(C(C(C1N)OC2C(C(C(C(O2)CN)O)O)N)OC3C(C(C(O3)CO)OC4C(C(C(C(O4)CN)O)O)N)O)O)N	GGCAGAUCUGAGCCUGGGAGCUCUCUGCC	Neomycin	Target_lig_4	HIV-1 TAR RNA	Target_19	4.67778070526608
167	C1C(C(C(C(C1N)OC2C(C(C(C(O2)CN)O)O)N)OC3C(C(C(O3)CO)OC4C(C(C(C(O4)CN)O)O)N)O)O)N	GCACCGGCUAACUCCGUGCCAGCAGCGCGGUAAUACGGAGGGUGC	Neomycin	Target_lig_4	16S rRNA_neomycin	Target_96	7.221848749616361
710	C1(=O)N(C(=O)c2c([C@H]1C)ncn2C[C@H](O)N(C)C)C	GGCAGAUCUGAGCCUGGGAGCUCUCUGCC	Phenothiazine 1	Target_lig_474	RNA_Str_HIV-1 TAR	Target_19	5.84466396253494
2416	C1C(C(C(C(C1N)OC2C(C(C(C(O2)CN)O)O)N)OC3C(C(C(O3)CO)OC4C(C(C(C(O4)CN)O)O)N)O)O)N	AUUUUUCCUCGAACCCGGCGGAACGCAGAAAAAU	Neomycin	Target_lig_4	U15C,U16C SLI_mutant	Target_441	7.15490195998574
329	[C@@H]1([C@@H]([C@H]([C@H](O[C@@H]1CO)O[C@H]1[C@@H]([C@H]([C@H](C[C@H]1N)N)O)O[C@@H]1OC[C@@H]([C@H]1OCCNCCN)O[C@@H]1[C@H]([C@@H](C[C@@H](O1)CN)O)N)N)O)O	GAGCGUCACACCUUCGGGUGAAGUCGCUC	Aminoglycoside derivative 4	Target_lig_255	Bacterial ribosomal A-site	Target_3	6.15490195998574
1298	C1=C(C=C(C(=C1O)O)O)C2=C(C(=O)C3=C(C=C(C=C3O2)O)O)O	GGAGAGGGUUUAAUCAGUACGAAAGUAGUCAUUGGAUCCGCAAGG	Myricetin	Target_lig_718	5'CAG/3'GUC internal loop	Target_241	3.69464863055338
1849	CC(C)C1=CC2=C(C=C1)N=C3C=CC(=CN3C2=O)C(=O)NCCN(C)C	GGGAGAGGGUUUAAUUCGGUACGAAAGUACGGAUUGGAUCCGCAAGG	B4	Target_lig_1035	(5'CGG/3'GGC) x1	Target_345	6.481486060122111
863	C1C(C(C(C(C1N)OC2C(C(C(C(O2)CN)O)O)N)OC3C(C(C(O3)CO)OC4C(C(C(C(O4)CN)O)O)N)O)O)N	GGUGGGCGCAGCUUCGGCUGCGCAACCACC	Neomycin	Target_lig_4	RRE11	Target_91	6.267606240177031
253	CCNC1CC(C(C(C1OC2C(C(C(CO2)(C)O)NC)O)O)OC3C(CC=C(O3)CN)N)N	GGCAGAUCUGAGCCUGGGAGCUCUCUGCC	netilmicin	Target_lig_194	HIV-1 TAR RNA	Target_19	5.86966623150499
2100	CN(CCCn1c(N)nc2c1c1CC(COc1cc2)CN(C)C)C	GGCCGAGUAGUGUUGGGUCGCGAAAGGCC	Benzimidazole12	Target_lig_1143	HCV IRES Domain II	Target_66	6.06550154875643
1230	C[NH+](C)CCCN1C(N)=[NH+]C2=CC=C3OCC(C[NH+](C)C)CC3=C12	CUCCCCUGUGAGGAACUACUGUCUUCACGCAGAAAGCGUCUAGCCAUGGCGUUAGUAUGAGUGUCGUGCAGCCUCCAGG	Benzimidazole 12	Target_lig_691	HCV IRES IIa 40-mer	Target_67	6.06048074738138
275	c1cccc2Sc3ccc(cc3N(c12)CCN1CCC[C@@H]1C)Cl	GGCAGAUCUGAGCCUGGGAGCUCUCUGCC	2-chloro-10-[2-(2-methylpyrrolidin-1-yl)ethyl]_phenothiazine_der	Target_lig_215	HIV-1 TAR RNA	Target_19	2.30102999566398
2076	N[C@@H]1C[C@H](N)[C@H]([C@H]([C@H]1OCCCc1nnn(c1)Cc1cccc(n1)Cn1nnc(c1)CCCO[C@@H]1[C@H](N)C[C@H]([C@@H]([C@H]1O)O)N)O)O	CGCGCAGUGUAGCGCG	B-14	Target_lig_1139	RNA hairpin loop II	Target_377	5.340083799930151
2434	C1C(C(C(C(C1N)OC2C(C(C(C(O2)CN)O)O)N)OC3C(C(C(O3)CO)OC4C(C(C(C(O4)CN)O)O)N)O)O)N	AUUUUUCCUCGAACUUGGUAGAACGCAGAAAAAU	Neomycin	Target_lig_4	C19U,G20A SLI_mutant	Target_443	7.30102999566398
623	[C@@H]1([C@H]([C@H]([C@H](O[C@@H]1CN)O[C@H]1[C@H]([C@@H]([C@H](O[C@H]1CO)OC)N)O)N)O)O	GAGCGUCACACCUUCGGGUGAAGUCGCUC	Neamine mimic_3	Target_lig_369	16s_rRNA A SITE	Target_3	4.39794000867204
789	c12c(cc(cc1)OC)[C@@]1(C(=O)C=C2)C=C[C@H]2[C@H]1c1c([C@@H]2O[C@@H]2[C@H]([C@@H]([C@@H]([C@@H](O2)C)O)O)NC)cc2c(c1)cccc2	GUCCGAUGCGUGUUUUCACGCAGUUCGGAC	Neocarzinostatin_chromophore_derivative_6	Target_lig_153	RNA XVII	Target_126	5.55284196865778
1297	C1=C(C=C(C(=C1O)O)O)C2=C(C(=O)C3=C(C=C(C=C3O2)O)O)O	GGAGAGGGUUUAAUCAGUACGAAAGUAGACAUUGGAUCCGCAAGG	Myricetin	Target_lig_718	5′CAG/3′GAC internal loop	Target_240	6.602059991327961
958	CN(C)CCNC1=CC(=NC2=CC=CC=C21)C3=CC=CC=C3	AGGACUCGGCUUGCUGAAGCGCGCGACGGCAAGAGGCGAGGGGCGGCGACUGGUGAGUACGCCAAAAAUUUUGACUAGCGGAGGCUAGAAGGAGAGAGAUGGGUGCGAGAGCGUCGGU	quinoline_der	Target_lig_24	HIV-1 genomic SL3 rna	Target_146	6.53760200210104
160	C1CCN(CC1)CCCNCC2C3=CC=CC=C3CCO2	GAGCGUCACACCUUCGGGUGAAGUCGCUC	N-(isochroman-1-ylmethyl)-3-(piperidin-1-yl)propan-1-amine	Target_lig_130	A-site 16S rRNA_E_coli (1)	Target_3	4.74472749489669
1413	NCC1OC(OC2C(Cn3nnc(c3)c3ccc(cc3)C(=O)Nc3cccc(c3)c3csc(n3)NC(=O)C)OC(C2O)OC2C(O)C(N)CC(C2OC2OC(CN)C(C(C2N)O)O)N)C(C(C1O)O)N	GGGAUACUCAAAAUGGGGGCGCUUUCCUUUUUGUCUGUACUGGGAAGUGCUUCGAUUUUGGGGUGUCCC	Neomycin-4c	Target_lig_768	Pre-miR-373	Target_267	4.47625353318844
1871	CC(C)C1=CC2=C(C=C1)N=C3C=CC(=CN3C2=O)C(=O)NCCN(C)C	GGGAGAGGGUUUAAUUCGGCGGCGGCGGCGGCGGUACGAAAGUACGGCGGCGGCGGCGGCGGAUUGGAUCCGCAAGG	B4	Target_lig_1035	(5'CGG/3'GGC)x6	Target_347	6.508638306165731
2476	C1C(C(C(C(C1N)OC2C(C(C(C(O2)CN)O)O)N)OC3C(C(C(O3)CO)OC4C(C(C(C(O4)CN)O)O)N)O)O)N	GGUGGCCGCAGCUUCGGCUGACGGUACACC	Neomycin	Target_lig_4	RRE20	Target_451	5.46852108295774
1295	C1=C(C=C(C(=C1O)O)O)C2=C(C(=O)C3=C(C=C(C=C3O2)O)O)O	GGAGAGGGUUUAAUCAGUACGAAAGUAGUCAUUGGAUCCGCAAGG	Myricetin	Target_lig_718	5'CAG/3'GUC x 6 repeat RNA	Target_234	7.1366771398795406
788	c12c(cc(cc1)OC)[C@@]1(C(=O)C=C2)C=C[C@@H]2[C@@H]1c1c([C@H]2O[C@@H]2[C@H]([C@@H]([C@@H]([C@@H](O2)C)O)O)NC)cc2c(c1)cccc2	GUCCGAUGCGUGUUUUCACGCAGUUCGGAC	Neocarzinostatin_chromophore_derivative_5	Target_lig_152	RNA XVII	Target_126	5.79588001734408
1195	CC1=C2C=C[N+](CC[NH+]3CCCCC3)=CC2=C(C)C2=C1NC1=C2C=C(O)C=C1	CGGCGGCGGCGGCGGCGGCGGCGGCGGCGGCGGCGG	Hydroxyellipticine 1a	Target_lig_680	r(CGG)12	Target_169	6.096910013008059
1610	CN1CCN(CC1)c1ccc2c(c1)oc(=O)c(c2C)c1ccc(cc1)Cl	AAAAGAAGGAAGUGCUCACAUUCCUUAAAUUAAGGAGUAAGUCUGC	SMN2_compound_9	Target_lig_867	SMN2 pre-mRNA GA-rich sequence	Target_284	4.0
2463	C1C(C(C(C(C1N)OC2C(C(C(C(O2)CN)O)O)N)OC3C(C(C(O3)CO)OC4C(C(C(C(O4)CN)O)O)N)O)O)N	CCCCCGCCACCUUCGGGUGGCCGGGG	Neomycin	Target_lig_4	TS mRNA Construct_5	Target_446	5.83923143813887
787	c12c(cc(cc1)OC)[C@@]1(C(=O)C=C2)C=C[C@H]2[C@H]1c1c([C@@H]2O[C@@H]2[C@H]([C@@H]([C@@H]([C@@H](O2)C)O)O)NC)cc2c(c1)cccc2	GUCCGAUGCGUGUUUCACGCAUCGGAC	Neocarzinostatin_chromophore_derivative_6	Target_lig_153	RNA XV	Target_125	4.92081875395238
1293	C1=C(C=C(C(=C1O)O)O)C2=C(C(=O)C3=C(C=C(C=C3O2)O)O)O	GGAGAGGGUUUAAUCAGUACGAAAGUAGACAUUGGAUCCGCAAGG	Myricetin	Target_lig_718	5′CAG/3′GAC x 4 repeat RNA	Target_237	7.38615817812393
199	C1C(C(C(C(C1N)OC2C(C(C(C(O2)CN)O)O)N)OC3C(C(C(O3)CO)OC4C(C(C(C(O4)CN)O)O)N)O)O)N	AAAUUGAAGAGUUUGAUCAUGGCUCAGAUUGAACGCUGGCGGCAGGCCUAACACAUGCAAGUCGAACGGUAACAGGAAGAAGCUUGCUUCUUUGCUGACGAGUGGCGGACGGGUGAGUAAUGUCUGGGAAACUGCCUGAUGGAGGGGGAUAACUACUGGAAACGGUAGCUAAUACCGCAUAACGUCGCAAGACCAAAGAGGGGGACCUUCGGGCCUCUUGCCAUCGGAUGUGCCCAGAUGGGAUUAGCUAGUAGGUGGGGUAACGGCUCACCUAGGCGACGAUCCCUAGCUGGUCUGAGAGGAUGACCAGCCACACUGGAACUGAGACACGGUCCAGACUCCUACGGGAGGCAGCAGUGGGGAAUAUUGCACAAUGGGCGCAAGCCUGAUGCAGCCAUGCCGCGUGUAUGAAGAAGGCCUUCGGGUUGUAAAGUACUUUCAGCGGGGAGGAAGGGAGUAAAGUUAAUACCUUUGCUCAUUGACGUUACCCGCAGAAGAAGCACCGGCUAACUCCGUGCCAGCAGCCGCGGUAAUACGGAGGGUGCAAGCGUUAAUCGGAAUUACUGGGCGUAAAGCGCACGCAGGCGGUUUGUUAAGUCAGAUGUGAAAUCCCCGGGCUCAACCUGGGAACUGCAUCUGAUACUGGCAAGCUUGAGUCUCGUAGAGGGGGGUAGAAUUCCAGGUGUAGCGGUGAAAUGCGUAGAGAUCUGGAGGAAUACCGGUGGCGAAGGCGGCCCCCUGGACGAAGACUGACGCUCAGGUGCGAAAGCGUGGGGAGCAAACAGGAUUAGAUACCCUGGUAGUCCACGCCGUAAACGAUGUCGACUUGGAGGUUGUGCCCUUGAGGCGUGGCUUCCGGAGCUAACGCGUUAAGUCGACCGCCUGGGGAGUACGGCCGCAAGGUUAAAACUCAAAUGAAUUGACGGGGGCCCGCACAAGCGGUGGAGCAUGUGGUUUAAUUCGAUGCAACGCGAAGAACCUUACCUGGUCUUGACAUCCACGGAAGUUUUCAGAGAUGAGAAUGUGCCUUCGGGAACCGUGAGACAGGUGCUGCAUGGCUGUCGUCAGCUCGUGUUGUGAAAUGUUGGGUUAAGUCCCGCAACGAGCGCAACCCUUAUCCUUUGUUGCCAGCGGUCCGGCCGGGAACUCAAAGGAGACUGCCAGUGAUAAACUGGAGGAAGGUGGGGAUGACGUCAAGUCAUCAUGGCCCUUACGACCAGGGCUACACACGUGCUACAAUGGCGCAUACAAAGAGAAGCGACCUCGCGAGAGCAAGCGGACCUCAUAAAGUGCGUCGUAGUCCGGAUUGGAGUCUGCAACUCGACUCCAUGAAGUCGGAAUCGCUAGUAAUCGUGGAUCAGAAUGCCACGGUGAAUACGUUCCCGGGCCUUGUACACACCGCCCGUCACACCAUGGGAGUGGGUUGCAAAAGAAGUAGGUAGCUUAACCUUCGGGAGGGCGCUUACCACUUUGUGAUUCAUGACUGGGGUGAAGUCGUAACAAGGUAACCGUAGGGGAACCUGCGGUUGGAUCACCUCCUUA	Neomycin_B	Target_lig_1246	decoding region 16SrRNA	Target_97	6.87942606879415
702	c1(c(cc2c(c1)nc(n2CS(=O)(=O)c1ccc(cc1)C)C1CCNCC1)Cl)Cl	GAGCGUCACACCUUCGGGUGAAGUCGCUC	benzimidazole_analog_rRNA_45	Target_lig_461	16s_rRNA A SITE	Target_3	3.0
155	COC1=CC=CC=C1C2=COC3=C(C2=O)C=CC(=C3CN4CCCCC4)O	GAGCGUCACACCUUCGGGUGAAGUCGCUC	7-hydroxy-3-(2-methoxyphenyl)-8-(piperidin-1-ylmethyl)-4H-chromen-4-one	Target_lig_125	A-site 16S rRNA_E_coli (1)	Target_3	3.4034029043735403
1576	C1C(C(C(C(C1N)OC2C(C(C(C(O2)CN)O)O)N)OC3C(C(C(O3)CO)OC4C(C(C(C(O4)CN)O)O)N)O)O)N	CCGACUGAUGUUGACUGUUGAAUCUCAUGGCAACACCAGUCGG	Neomycin	Target_lig_4	Oligonucleotide 3	Target_282	5.397940008672039
1291	C1=C(C=C(C(=C1O)O)O)C2=C(C(=O)C3=C(C=C(C=C3O2)O)O)O	GGAGAGGGUUUAAUCAGUACGAAAGUAGACAUUGGAUCCGCAAGG	Myricetin	Target_lig_718	5′CAG/3′GAC x 2 repeat RNA	Target_235	7.195860567664651
1821	CCCN(C(=O)NCc1nnn(c1)CCCCC(=O)CCCOc1c(cc(cc1C(C)(C)C)c1[nH]c2c(n1)cc(cc2)N1CCN(CC1)C)C(C)(C)C)CC(=O)N(C(=O)CCCOc1ccc(cc1)c1[nH]c2c(n1)cc(cc2)N1CCN(CC1)C)CCC	GGGAGAGGGUUUAAUUACGAAAGUAAUUGGAUCCGCAAGG	SMB2	Target_lig_1022	Pri-miR-96	Target_159	7.69897000433602
1414	NCC1OC(OC2C(Cn3nnc(c3)c3cccc(c3)C(=O)Nc3cccc(c3)c3csc(n3)NC(=O)C)OC(C2O)OC2C(O)C(N)CC(C2OC2OC(CN)C(C(C2N)O)O)N)C(C(C1O)O)N	GGGAUACUCAAAAUGGGGGCGCUUUCCUUUUUGUCUGUACUGGGAAGUGCUUCGAUUUUGGGGUGUCCC	Neomycin-4d	Target_lig_769	Pre-miR-373	Target_267	4.46344155742847
1202	CC1=C2C=C[N+](CC[NH+]3CCCCC3)=CC2=C(C)C2=C1NC1=C2C=C(O)C=C1	GGGGCCGGGGCCGGGGCCGGGGCCGGGGCCGGGGCCGGGGCCGGGGCC	Hydroxyellipticine 1a	Target_lig_680	G-Quadruplex Conformation of r(GGGGCC)8	Target_184	4.08618614761628
1519	Cn1c(NCc2cccc(c2)C(=O)C)ncc1c1ccc(cc1)C(=O)C	GGCAGUGUGAGUACCUUCAUACGUC	Compound 5	Target_lig_813	DDPAC hairpin A-bulge	Target_198	4.7851561519523
930	C1C(C(C(C(C1N)OC2C(C(C(C(O2)CN)O)O)N)OC3C(C(C(O3)CO)OC4C(C(C(C(O4)CN)O)O)N)O)O)N	GGGGCGAAAGCCUUAU	Neomycin_B	Target_lig_1246	GNRA tetraloop construct XVIII	Target_141	4.52287874528034
297	CCC1C(=O)N2CCCC2C(=O)N(C(C(=O)N3CC(C(=O)CC3C(=O)NC(C(=O)OC(C(C(=O)N1)NC(=O)C4=C(C=CC=N4)O)C)C5=CC=CC=C5)CSC6CN7CCC6CC7)CC8=CC=C(C=C8)N(C)C)C	UUGGCUACUAUGCCAGCUGGUGGAUUGCUCGGCUCAGGCGCUGAUGAAGGACGUGCCAAGCUGCGAUAAGCCAUGGGGAGCCGCACGGAGGCGAAGAACCAUGGAUUUCCGAAUGAGAAUCUCUCUAACAAUUGCUUCGCGCAAUGAGGAACCCCGAGAACUGAAACAUCUCAGUAUCGGGAGGAACAGAAAACGCAAUGUGAUGUCGUUAGUAACCGCGAGUGAACGCGAUACAGCCCAAACCGAAGCCCUCACGGGCAAUGUGGUGUCAGGGCUACCUCUCAUCAGCCGACCGUCUCGACGAAGUCUCUUGGAACAGAGCGUGAUACAGGGUGACAACCCCGUACUCGAGACCAGUACGACGUGCGGUAGUGCCAGAGUAGCGGGGGUUGGAUAUCCCUCGCGAAUAACGCAGGCAUCGACUGCGAAGGCUAAACACAACCUGAGACCGAUAGUGAACAAGUAGUGUGAACGAACGCUGCAAAGUACCCUCAGAAGGGAGGCGAAAUAGAGCAUGAAAUCAGUUGGCGAUCGAGCGACAGGGCAUACAAGGUCCCUCGACGAAUGACCGACGCGCGAGCGUCCAGUAAGACUCACGGGAAGCCGAUGUUCUGUCGUACGUUUUGAAAAACGAGCCAGGGAGUGUGUCUGCAUGGCAAGUCUAACCGGAGUAUCCGGGGAGGCACAGGGAAACCGACAUGGCCGCAGGGCUUUGCCCGAGGGCCGCCGUCUUCAAGGGCGGGGAGCCAUGUGGACACGACCCGAAUCCGGACGAUCUACGCAUGGACAAGAUGAAGCGUGCCGAAAGGCACGUGGAAGUCUGUUAGAGUUGGUGUCCUACAAUACCCUCUCGUGAUCUAUGUGUAGGGGUGAAAGGCCCAUCGAGUCCGGCAACAGCUGGUUCCAAUCGAAACAUGUCGAAGCAUGACCUCCGCCGAGGUAGUCUGUGAGGUAGAGCGACCGAUUGGUGUGUCCGCCUCCGAGAGGAGUCGGCACACCUGUCAAACUCCAAACUUACAGACGCCGUUUGACGCGGGGAUUCCGGUGCGCGGGGUAAGCCUGUGUACCAGGAGGGGAACAACCCAGAGAUAGGUUAAGGUCCCCAAGUGUGGAUUAAGUGUAAUCCUCUGAAGGUGGUCUCGAGCCCUAGACAGCCGGGAGGUGAGCUUAGAAGCAGCUACCCUCUAAGAAAAGCGUAACAGCUUACCGGCCGAGGUUUGAGGCGCCCAAAAUGAUCGGGACUCAAAUCCACCACCGAGACCUGUCCGUACCACUCAUACUGGUAAUCGAGUAGAUUGGCGCUCUAAUUGGAUGGAAGUAGGGGUGAAAACUCCUAUGGACCGAUUAGUGACGAAAAUCCUGGCCAUAGUAGCAGCGAUAGUCGGGUGAGAACCCCGACGGCCUAAUGGAUAAGGGUUCCUCAGCACUGCUGAUCAGCUGAGGGUUAGCCGGUCCUAAGUCAUACCGCAACUCGACUAUGACGAAAUGGGAAACGGGUUAAUAUUCCCGUGCCACUAUGCAGUGAAAGUUGACGCCCUGGGGUCGAUCACGCUGGGCAUUCGCCCAGUCGAACCGUCCAACUCCGUGGAAGCCGUAAUGGCAGGAAGCGGACGAACGGCGGCAUAGGGAAACGUGAUUCAACCUGGGGCCCAUGAAAAGACGAGCAUAGUGUCCGUACCGAGAACCGACACAGGUGUCCAUGGCGGCGAAAGCCAAGGCCUGUCGGGAGCAACCAACGUUAGGGAAUUCGGCAAGUUAGUCCCGUACCUUCGGAAGAAGGGAUGCCUGCUCCGGAACGGAGCAGGUCGCAGUGACUCGGAAGCUCGGACUGUCUAGUAACAACAUAGGUGACCGCAAAUCCGCAAGGACUCGUACGGUCACUGAAUCCUGCCCAGUGCAGGUAUCUGAACACCUCGUACAAGAGGACGAAGGACCUGUCAACGGCGGGGGUAACUAUGACCCUCUUAAGGUAGCGUAGUACCUUGCCGCAUCAGUAGCGGCUUGCAUGAAUGGAUUAACCAGAGCUUCACUGUCCCAACGUUGGGCCCGGUGAACUGUACAUUCCAGUGCGGAGUCUGGAGACACCCAGGGGGAAGCGAAGACCCUAUGGAGCUUUACUGCAGGCUGUCGCUGAGACGUGGUCGCCGAUGUGCAGCAUAGGUAGGAGACACUACACAGGUACCCGCGCUAGCGGGCCACCGAGUCAACAGUGAAAUACUACCCGUCGGUGACUGCGACUCUCACUCCGGGAGGAGGACACCGAUAGCCGGGCAGUUUGACUGGGGCGGUACGCGCUCGAAAAGAUAUCGAGCGCGCCCUAUGGCUAUCUCAGCCGGGACAGAGACCCGGCGAAGAGUGCAAGAGCAAAAGAUAGCUUGACAGUGUUCUUCCCAACGAGGAACGCUGACGCGAAAGCGUGGUCUAGCGAACCAAUUAGCCUGCUUGAUGCGGGCAAUUGAUGACAGAAAAGCUACCCUAGGGAUAACAGAGUCGUCACUCGCAAGAGCACAUAUCGACCGAGUGGCUUGCUACCUCGAUGUCGGUUCCCUCCAUCCUGCCCGUGCAGAAGCGGGCAAGGGUGAGGUUGUUCGCCUAUUAAAGGAGGUCGUGAGCUGGGUUUAGACCGUCGUGAGACAGGUCGGCUGCUAUCUACUGGGUGUGUAAUGGUGUCUGACAAGAACGACCGUAUAGUACGAGAGGAACUACGGUUGGUGGCCACUGGUGUACCGGUUGUUCGAGAGAGCACGUGCCGGGUAGCCACGCCACACGGGGUAAGAGCUGAACGCAUCUAAGCUCGAAACCCACUUGGAAAAGAGACACCGCCGAGGUCCCGCGUACAAGACGCGGUCGAUAGACUCGGGGUGUGCGCGUCGAGGUAACGAGACGUUAAGCCCACGAGCACUAACAGACCAAAGCCAUCAU	Quinupristin	Target_lig_235	PTC	Target_99	6.49485002168009
239	CN1CCN(CC1)C1=C=C=c2c(=C1)[nH]c(n2)C1=C=C=c2c(=C1)nc([nH]2)C1=C=C=C(C=C1)O	GGCAGAUCUGAGCCUGGGAGCUCUCUGCC	CMC3-2_Hoechst33258	Target_lig_180	HIV-1 TAR RNA	Target_19	5.0
92	C1=NC(=C2C(=N1)N(C=N2)C3C(C(C(O3)COP(=O)(O)O)O)O)N	GGGAAGGGAAGAAACUGCGGCUUCGGCCGGCUUCCC	AMP	Target_lig_66	RNA_Aptamer	Target_6	8.301025652740881
671	CC1=CC2=C(C=C1)N=C(N2)C3CCNCC3	GAGCGUCACACCUUCGGGUGAAGUCGCUC	benzimidazole_analog_rRNA_14	Target_lig_431	16s_rRNA A SITE	Target_3	3.35753547975788
337	[C@@H]1([C@@H]([C@H]([C@H](O[C@@H]1CO)O[C@@H]1[C@H]([C@@H]([C@@H](C[C@@H]1N)N)O)O[C@H]1OC[C@@H]([C@H]1OCCNCCc1cnccc1)O[C@@H]1[C@H]([C@@H](C[C@@H](O1)CN)O)N)N)O)O	GAGCGUCACACCUUCGGGUGAAGUCGCUC	Aminoglycoside derivative 14	Target_lig_263	Bacterial ribosomal A-site	Target_3	6.69897000433602
2151	NCC1OC(OC2C(N)CC(C(C2O)OC2OC(COC3OC(CN)C(C(C3O)O)O)C(C(C2N)O)N)N)C(CC1O)N	GGCCGAGUAGUGUUGGGUCGCGAAAGGCC	Compd 40	Target_lig_1281	HCV IRES Domain IIId	Target_66	5.481486060122111
1296	C1=C(C=C(C(=C1O)O)O)C2=C(C(=O)C3=C(C=C(C=C3O2)O)O)O	GGAGAGGGUUUAAUCAGUACGAAAGUAGACAUUGGAUCCGCAAGG	Myricetin	Target_lig_718	5′CAG/3′GAC x 33 repeat RNA	Target_239	8.769551078621731
2064	N[C@@H]1C[C@H](N)[C@H]([C@H]([C@H]1OCCCc1nnn(c1)Cc1cccc(n1)Cn1nnc(c1)CCCO[C@@H]1[C@H](N)C[C@H]([C@@H]([C@H]1O)O)N)O)O	CGCGCGAAAGCGCG	B-14	Target_lig_1139	RNA hairpin loop I	Target_375	5.2958494831602
1884	CC(C)C1=CC2=C(C=C1)N=C3C=CC(=CN3C2=O)C(=O)NCCN(C)C	GGGAGAGGGUUUAAUUCGGCGGCGGCGGCGGCGGCGGCGGCGGCGGCGGCGGCGGCGGCGGCGGCGGCGGCGGCGGCGGCGGCGGCGGCGGCGGCGGCGGCGGCGGCGGCGGCGGCGGCGGCGGCGGCGGCGGCGGUACGAAAGUACGGCGGCGGCGGCGGCGGCGGCGGCGGCGGCGGCGGCGGCGGCGGCGGCGGCGGCGGCGGCGGCGGCGGCGGCGGCGGCGGCGGCGGCGGCGGCGGCGGCGGCGGCGGCGGCGGCGGCGGAUUGGAUCCGCAAGG	B4	Target_lig_1035	(5'CGG/3'GGC) x40	Target_350	6.95860731484177
147	C(C1=CC=CC=C1)N1C(=NC=2N(C(NC(C12)=O)=O)C)N1CCNCC1	GAGCGUCACACCUUCGGGUGAAGUCGCUC	7-benzyl-3-methyl-8-(piperazin-1-yl)-1H-purine-2,6(3H,7H)-dione	Target_lig_1111	A-site 16S rRNA_E_coli (1)	Target_3	3.60906489289662
2477	C1C(C(C(C(C1N)OC2C(C(C(C(O2)CN)O)O)N)OC3C(C(C(O3)CO)OC4C(C(C(C(O4)CN)O)O)N)O)O)N	GGUGGGAGCAGCUUCGGCUGAUGGUACACC	Neomycin	Target_lig_4	RRE21	Target_452	6.221848749616361
1407	NCC1OC(OC2C(Cn3nnc(c3)CCC(=O)Nc3cccc(c3)c3csc(n3)NC(=O)c3ccc(cc3)C)OC(C2O)OC2C(O)C(N)CC(C2OC2OC(CN)C(C(C2N)O)O)N)C(C(C1O)O)N	GGGAUACUCAAAAUGGGGGCGCUUUCCUUUUUGUCUGUACUGGGAAGUGCUUCGAUUUUGGGGUGUCCC	Neomycin-3a	Target_lig_762	Pre-miR-373	Target_267	4.36653154442041
2139	C[S+](CCC(C(=O)[O-])N)CC1C(C(C(O1)N2C=NC3=C(N=CN=C32)N)O)O	GGAGCUUAUCAAGAGAAGCGGAGGGAACUGGCCCGGCGAAGCUCGGCAACCUGCUUAUAGAAAGCAAGGUGCUAAAUCCAGCAAAAUGGAUUCCAUUUUGAAAGAUAAGGUAAAAUAUAUUACCGAACAGUCUUUUCGAAAUGGGAAAGAUUUUUUUUAU	S-adenosyl methionine	Target_lig_314	B.anthracis cysH	Target_406	8.0
